id,segment,sector_cluster_id,parent_id,path
a5da78e5-629e-4826-9a7c-ec1026adacd4,Marine engineering,531d3510-3f42-41fd-86b5-fa686fdfe33f,aa38cecc-5f95-e211-a939-e4115bead28a,Maritime : Marine engineering
6448e2bd-3f92-4e3d-8c41-0aff88a7a66b,Space,531d3510-3f42-41fd-86b5-fa686fdfe33f,,Space
cb2a9801-8d70-471c-b615-78401ce06b2b,Component manufacturing,531d3510-3f42-41fd-86b5-fa686fdfe33f,6448e2bd-3f92-4e3d-8c41-0aff88a7a66b,Space : Component manufacturing
53c3e672-4004-4a31-a707-b70369ca58f1,Aerostructures,531d3510-3f42-41fd-86b5-fa686fdfe33f,e9e181d2-f6a0-e211-b972-e4115bead28a,Aerospace : Component manufacturing : Aerostructures
88a69156-7e61-4464-8c6b-df4e4a883ad6,Systems,531d3510-3f42-41fd-86b5-fa686fdfe33f,e9e181d2-f6a0-e211-b972-e4115bead28a,Aerospace : Component manufacturing : Systems
b0b6c3c7-2d82-4c12-8013-ad39d3d47251,Advisory services,0804745e-80b6-4bd1-8101-30e7a431623e,9638cecc-5f95-e211-a939-e4115bead28a,"Agriculture, horticulture, fisheries and pets : Advisory services"
929451b8-4906-4ac4-a62f-0d410ff93304,Arable crops,0804745e-80b6-4bd1-8101-30e7a431623e,9638cecc-5f95-e211-a939-e4115bead28a,"Agriculture, horticulture, fisheries and pets : Arable crops"
2871b387-58ac-4e0f-a51c-66f58d8c0f60,Fertilisers and pesticides,0804745e-80b6-4bd1-8101-30e7a431623e,929451b8-4906-4ac4-a62f-0d410ff93304,"Agriculture, horticulture, fisheries and pets : Arable crops : Fertilisers and pesticides"
11f8589f-c976-4299-a587-31462f3d1f06,Harvest and early stage processing,0804745e-80b6-4bd1-8101-30e7a431623e,929451b8-4906-4ac4-a62f-0d410ff93304,"Agriculture, horticulture, fisheries and pets : Arable crops : Harvest and early stage processing"
88c1b3c2-a7a4-45f5-82a9-113488ac7488,Seeds and plant varieties,0804745e-80b6-4bd1-8101-30e7a431623e,929451b8-4906-4ac4-a62f-0d410ff93304,"Agriculture, horticulture, fisheries and pets : Arable crops : Seeds and plant varieties"
ffb7e1c1-7494-4a87-920a-77bf504dad8b,Soil management systems,0804745e-80b6-4bd1-8101-30e7a431623e,929451b8-4906-4ac4-a62f-0d410ff93304,"Agriculture, horticulture, fisheries and pets : Arable crops : Soil management systems"
2bc05621-8f17-4d2f-9534-dd0bcfd6bae9,Machinery,0804745e-80b6-4bd1-8101-30e7a431623e,67f7ffde-5f95-e211-a939-e4115bead28a,"Agriculture, horticulture, fisheries and pets : Engineering and precision farming : Machinery"
5870cb1d-5fdf-4253-953f-d75e44c0fa61,Technology,0804745e-80b6-4bd1-8101-30e7a431623e,67f7ffde-5f95-e211-a939-e4115bead28a,"Agriculture, horticulture, fisheries and pets : Engineering and precision farming : Technology"
9a48e8ef-254f-4ebe-805b-df6b295122c0,Fisheries and aquaculture,0804745e-80b6-4bd1-8101-30e7a431623e,9638cecc-5f95-e211-a939-e4115bead28a,"Agriculture, horticulture, fisheries and pets : Fisheries and aquaculture"
b989e342-4ded-4530-a985-b6f9160f6a65,Broodstock and genetics,0804745e-80b6-4bd1-8101-30e7a431623e,9a48e8ef-254f-4ebe-805b-df6b295122c0,"Agriculture, horticulture, fisheries and pets : Fisheries and aquaculture : Broodstock and genetics"
41a8d44f-78b1-443c-98c6-6617c8411f2e,Cages and farming systems,0804745e-80b6-4bd1-8101-30e7a431623e,9a48e8ef-254f-4ebe-805b-df6b295122c0,"Agriculture, horticulture, fisheries and pets : Fisheries and aquaculture : Cages and farming systems"
5834198b-4be2-457e-8b69-097313d4f286,Nutrition and husbandry,0804745e-80b6-4bd1-8101-30e7a431623e,9a48e8ef-254f-4ebe-805b-df6b295122c0,"Agriculture, horticulture, fisheries and pets : Fisheries and aquaculture : Nutrition and husbandry"
dddcb0b1-5911-4fa0-8c18-2052d923e581,Forestry and logging,0804745e-80b6-4bd1-8101-30e7a431623e,9638cecc-5f95-e211-a939-e4115bead28a,"Agriculture, horticulture, fisheries and pets : Forestry and logging"
33bf4b5e-dfaa-4720-baaf-c1fa47aca57b,Horticulture,0804745e-80b6-4bd1-8101-30e7a431623e,9638cecc-5f95-e211-a939-e4115bead28a,"Agriculture, horticulture, fisheries and pets : Horticulture"
d4cc5fdb-21bf-40df-8c9f-97492df3c0ba,Fruit and vegetable production,0804745e-80b6-4bd1-8101-30e7a431623e,33bf4b5e-dfaa-4720-baaf-c1fa47aca57b,"Agriculture, horticulture, fisheries and pets : Horticulture : Fruit and vegetable production"
387be980-4622-4243-aac9-98882e257859,Ornamental plants and flowers,0804745e-80b6-4bd1-8101-30e7a431623e,33bf4b5e-dfaa-4720-baaf-c1fa47aca57b,"Agriculture, horticulture, fisheries and pets : Horticulture : Ornamental plants and flowers"
fec265f1-d1cd-484b-b62b-3341917affa1,Infrastructure,0804745e-80b6-4bd1-8101-30e7a431623e,9638cecc-5f95-e211-a939-e4115bead28a,"Agriculture, horticulture, fisheries and pets : Infrastructure"
1c0c49b2-9bf3-4ba1-b2cf-abe9bedfb1ef,Buildings,0804745e-80b6-4bd1-8101-30e7a431623e,fec265f1-d1cd-484b-b62b-3341917affa1,"Agriculture, horticulture, fisheries and pets : Infrastructure : Buildings"
c517e919-24d5-4e93-b07d-e472f5051357,On-farm and cold chain storage and transport,0804745e-80b6-4bd1-8101-30e7a431623e,fec265f1-d1cd-484b-b62b-3341917affa1,"Agriculture, horticulture, fisheries and pets : Infrastructure : On-farm and cold chain storage and transport"
aa91315b-66a5-4fc8-9ce6-84e4cb7d6968,"Water storage, management and distribution",0804745e-80b6-4bd1-8101-30e7a431623e,fec265f1-d1cd-484b-b62b-3341917affa1,"Agriculture, horticulture, fisheries and pets : Infrastructure : Water storage, management and distribution"
20f3dc65-2e4f-4375-baf1-05f4bc5da690,Breeding stock and genetics,0804745e-80b6-4bd1-8101-30e7a431623e,6c535406-6095-e211-a939-e4115bead28a,"Agriculture, horticulture, fisheries and pets : Livestock, pets and horses : Breeding stock and genetics"
3866fc32-23fc-4c9e-ad11-82176d8232ad,"Health, welfare and veterinary services",0804745e-80b6-4bd1-8101-30e7a431623e,6c535406-6095-e211-a939-e4115bead28a,"Agriculture, horticulture, fisheries and pets : Livestock, pets and horses : Health, welfare and veterinary services"
d2b66b13-9e36-4696-bf13-ec03aa9f7952,Livestock feed and nutrition,0804745e-80b6-4bd1-8101-30e7a431623e,6c535406-6095-e211-a939-e4115bead28a,"Agriculture, horticulture, fisheries and pets : Livestock, pets and horses : Livestock feed and nutrition"
1038e9ca-33e9-49a6-a866-341c4cd04c77,Tagging and traceability,0804745e-80b6-4bd1-8101-30e7a431623e,6c535406-6095-e211-a939-e4115bead28a,"Agriculture, horticulture, fisheries and pets : Livestock, pets and horses : Tagging and traceability"
a0d834a3-6cbe-448d-915e-4158cf480d1d,"Accessories, bags and luggage",ed3671b5-d194-4ee3-9bbf-a04773711dd9,9c38cecc-5f95-e211-a939-e4115bead28a,"Consumer and retail : Clothing, footwear and fashion : Accessories, bags and luggage"
55b55803-289d-4fc0-bc8b-fb9e51bb1ff9,Children's apparel,ed3671b5-d194-4ee3-9bbf-a04773711dd9,9c38cecc-5f95-e211-a939-e4115bead28a,"Consumer and retail : Clothing, footwear and fashion : Children's apparel"
62b2226e-65a5-45bc-93ab-c65f39e6eb39,Children's footwear,ed3671b5-d194-4ee3-9bbf-a04773711dd9,9c38cecc-5f95-e211-a939-e4115bead28a,"Consumer and retail : Clothing, footwear and fashion : Children's footwear"
333d3599-8606-42ae-987c-50b3fd3d250c,Men's apparel,ed3671b5-d194-4ee3-9bbf-a04773711dd9,9c38cecc-5f95-e211-a939-e4115bead28a,"Consumer and retail : Clothing, footwear and fashion : Men's apparel"
0c08e49e-2196-4592-b61d-433626630c24,Men's footwear,ed3671b5-d194-4ee3-9bbf-a04773711dd9,9c38cecc-5f95-e211-a939-e4115bead28a,"Consumer and retail : Clothing, footwear and fashion : Men's footwear"
3b50c609-5cfc-4c86-a399-8f68b5f720f3,Sports and leisurewear,ed3671b5-d194-4ee3-9bbf-a04773711dd9,9c38cecc-5f95-e211-a939-e4115bead28a,"Consumer and retail : Clothing, footwear and fashion : Sports and leisurewear"
5aec4d59-5497-485c-857c-3fe17dcc7626,Women's apparel,ed3671b5-d194-4ee3-9bbf-a04773711dd9,9c38cecc-5f95-e211-a939-e4115bead28a,"Consumer and retail : Clothing, footwear and fashion : Women's apparel"
f33073db-9cb9-4445-95b7-7c2d7e7a3012,Women's footwear,ed3671b5-d194-4ee3-9bbf-a04773711dd9,9c38cecc-5f95-e211-a939-e4115bead28a,"Consumer and retail : Clothing, footwear and fashion : Women's footwear"
5c135281-03b4-43b0-a89a-cf42b61113bc,Cosmetics and beauty,ed3671b5-d194-4ee3-9bbf-a04773711dd9,355f977b-8ac3-e211-a646-e4115bead28a,Consumer and retail : Cosmetics and beauty
b4c79eb1-a92b-4547-a058-2b6701280147,Electronic consumer products,ed3671b5-d194-4ee3-9bbf-a04773711dd9,355f977b-8ac3-e211-a646-e4115bead28a,Consumer and retail : Electronic consumer products
28796baf-3fdb-4f8c-8930-7703ee03e3f9,Furniture and furnishings,ed3671b5-d194-4ee3-9bbf-a04773711dd9,355f977b-8ac3-e211-a646-e4115bead28a,Consumer and retail : Furniture and furnishings
c98a2a2b-5528-48fe-9a13-7169eb7aa291,Giftware,ed3671b5-d194-4ee3-9bbf-a04773711dd9,355f977b-8ac3-e211-a646-e4115bead28a,Consumer and retail : Giftware
814c5881-3ec8-44fe-ad56-f4a42902b9c0,Casual dining,ed3671b5-d194-4ee3-9bbf-a04773711dd9,a938cecc-5f95-e211-a939-e4115bead28a,Consumer and retail : Leisure and tourism : Casual dining
8b26fdc8-7c63-4192-95ce-517373155518,Hotels and hospitality,ed3671b5-d194-4ee3-9bbf-a04773711dd9,a938cecc-5f95-e211-a939-e4115bead28a,Consumer and retail : Leisure and tourism : Hotels and hospitality
9d1fba57-b1db-47c6-b01c-5ff5f8e2dcda,Travel,ed3671b5-d194-4ee3-9bbf-a04773711dd9,a938cecc-5f95-e211-a939-e4115bead28a,Consumer and retail : Leisure and tourism : Travel
5ac974d6-6eb5-4f43-ac39-0b2d21e2067e,Luxury,ed3671b5-d194-4ee3-9bbf-a04773711dd9,355f977b-8ac3-e211-a646-e4115bead28a,Consumer and retail : Luxury
0320f0dd-7f58-4174-8b81-9fbb7b5d0610,Supermarkets,ed3671b5-d194-4ee3-9bbf-a04773711dd9,355f977b-8ac3-e211-a646-e4115bead28a,Consumer and retail : Supermarkets
0b1f6c9b-7aff-4c35-8d57-9bce5aa10ad1,Tableware,ed3671b5-d194-4ee3-9bbf-a04773711dd9,355f977b-8ac3-e211-a646-e4115bead28a,Consumer and retail : Tableware
aac29b12-0adb-4584-85e2-69a8ffddd6a0,Industrial design,ed3671b5-d194-4ee3-9bbf-a04773711dd9,669c37e5-5f95-e211-a939-e4115bead28a,Creative industries : Design : Industrial design
8d5bc6e1-c6e8-4865-b676-aa65a47d48a5,Interior design,ed3671b5-d194-4ee3-9bbf-a04773711dd9,669c37e5-5f95-e211-a939-e4115bead28a,Creative industries : Design : Interior design
4ac6d806-2b6b-4df3-8744-f0d9144449b3,Art,ed3671b5-d194-4ee3-9bbf-a04773711dd9,e6a038eb-5f95-e211-a939-e4115bead28a,Creative industries : Experience economy : Art
0ec5ce9d-2ead-492c-a274-bdf5d88397ac,Attractions,ed3671b5-d194-4ee3-9bbf-a04773711dd9,e6a038eb-5f95-e211-a939-e4115bead28a,Creative industries : Experience economy : Attractions
a772ea53-8f11-407a-8fb9-eb5814d75f56,Museums,ed3671b5-d194-4ee3-9bbf-a04773711dd9,e6a038eb-5f95-e211-a939-e4115bead28a,Creative industries : Experience economy : Museums
53810642-1869-41b5-9c22-31c39defc995,Broadcasting,ed3671b5-d194-4ee3-9bbf-a04773711dd9,eba038eb-5f95-e211-a939-e4115bead28a,Creative industries : Film and tv : Broadcasting
f08805f5-b98f-4463-8b74-49cfa6d21e9a,Post production,ed3671b5-d194-4ee3-9bbf-a04773711dd9,eba038eb-5f95-e211-a939-e4115bead28a,Creative industries : Film and tv : Post production
5bce4004-0354-457c-b483-9ed0426dc5c2,Production and finance,ed3671b5-d194-4ee3-9bbf-a04773711dd9,eba038eb-5f95-e211-a939-e4115bead28a,Creative industries : Film and tv : Production and finance
35325a9d-fa91-48db-836a-00690a310b94,Development,ed3671b5-d194-4ee3-9bbf-a04773711dd9,eaa038eb-5f95-e211-a939-e4115bead28a,Creative industries : Games : Development
6b316279-4e59-4b82-9853-9c0ef8bfefdf,Esports,ed3671b5-d194-4ee3-9bbf-a04773711dd9,eaa038eb-5f95-e211-a939-e4115bead28a,Creative industries : Games : Esports
49864fa6-83f6-4b1f-9fd1-90458f369d86,Publishing,ed3671b5-d194-4ee3-9bbf-a04773711dd9,eaa038eb-5f95-e211-a939-e4115bead28a,Creative industries : Games : Publishing
e8595562-9203-4430-8883-34444662e1aa,Immersive technology,ed3671b5-d194-4ee3-9bbf-a04773711dd9,9f38cecc-5f95-e211-a939-e4115bead28a,Creative industries : Immersive technology
0167d41a-a14f-4b12-bdb5-4b9bb54398a5,Media services,ed3671b5-d194-4ee3-9bbf-a04773711dd9,9f38cecc-5f95-e211-a939-e4115bead28a,Creative industries : Media services
d65a34b3-7288-48f5-a55d-47590566ddc1,Distribution,ed3671b5-d194-4ee3-9bbf-a04773711dd9,e9a038eb-5f95-e211-a939-e4115bead28a,Creative industries : Music : Distribution
5d20c310-ec3c-40b6-81c0-92d1e061a585,Live performances,ed3671b5-d194-4ee3-9bbf-a04773711dd9,e9a038eb-5f95-e211-a939-e4115bead28a,Creative industries : Music : Live performances
0b0c5623-e885-4f87-80f2-01cc645ea403,Management,ed3671b5-d194-4ee3-9bbf-a04773711dd9,e9a038eb-5f95-e211-a939-e4115bead28a,Creative industries : Music : Management
0c05ac7f-d805-4d44-9754-246eee9e5091,Publishing,ed3671b5-d194-4ee3-9bbf-a04773711dd9,e9a038eb-5f95-e211-a939-e4115bead28a,Creative industries : Music : Publishing
68ea0839-adee-4040-8aae-16980ab56b4c,Recorded music,ed3671b5-d194-4ee3-9bbf-a04773711dd9,e9a038eb-5f95-e211-a939-e4115bead28a,Creative industries : Music : Recorded music
4b73c03d-8c66-42a6-814f-518a12418c6c,"Curriculum, qualifications, assessment, inspection and quality assurance",ed3671b5-d194-4ee3-9bbf-a04773711dd9,a038cecc-5f95-e211-a939-e4115bead28a,"Education and training : Curriculum, qualifications, assessment, inspection and quality assurance"
d75e7235-404f-4bb6-9e51-169b2c7bdb0b,Early years,ed3671b5-d194-4ee3-9bbf-a04773711dd9,a038cecc-5f95-e211-a939-e4115bead28a,Education and training : Early years
fe5fd3f2-27ec-4966-91df-ae752523f8f5,Educational technology,ed3671b5-d194-4ee3-9bbf-a04773711dd9,a038cecc-5f95-e211-a939-e4115bead28a,Education and training : Educational technology
2597f8a4-6588-4d76-8132-b75f1770cfc9,English language training,ed3671b5-d194-4ee3-9bbf-a04773711dd9,a038cecc-5f95-e211-a939-e4115bead28a,Education and training : English language training
5f01b0f3-6e1b-4876-ba07-1ba768f7a412,Higher education,ed3671b5-d194-4ee3-9bbf-a04773711dd9,a038cecc-5f95-e211-a939-e4115bead28a,Education and training : Higher education
bfbf017d-215c-4ce9-9ed9-e9d8abec90a6,"Curriculum, qualifications, assessment, inspection and quality assurance",ed3671b5-d194-4ee3-9bbf-a04773711dd9,5f01b0f3-6e1b-4876-ba07-1ba768f7a412,"Education and training : Higher education : Curriculum, qualifications, assessment, inspection and quality assurance"
95bd85cf-431f-4b31-aa24-7cd2e107df3c,Professional,ed3671b5-d194-4ee3-9bbf-a04773711dd9,5f01b0f3-6e1b-4876-ba07-1ba768f7a412,Education and training : Higher education : Professional
b6da3dff-b04c-425a-9cea-b4e899e8c498,Teacher training,ed3671b5-d194-4ee3-9bbf-a04773711dd9,5f01b0f3-6e1b-4876-ba07-1ba768f7a412,Education and training : Higher education : Teacher training
4b343848-d99b-4bf8-bd5a-d9dc8fbc5432,Universities,ed3671b5-d194-4ee3-9bbf-a04773711dd9,5f01b0f3-6e1b-4876-ba07-1ba768f7a412,Education and training : Higher education : Universities
ec992259-4034-4d20-9b22-96ae8c0afbd6,Schools,ed3671b5-d194-4ee3-9bbf-a04773711dd9,a038cecc-5f95-e211-a939-e4115bead28a,Education and training : Schools
b7a1db09-3e8a-4656-80ec-44049323525d,Special educational needs and disabilities,ed3671b5-d194-4ee3-9bbf-a04773711dd9,a038cecc-5f95-e211-a939-e4115bead28a,Education and training : Special educational needs and disabilities
82b5e360-715c-4104-ab07-03c83b3ceb4f,Consultancy,ed3671b5-d194-4ee3-9bbf-a04773711dd9,b7a1db09-3e8a-4656-80ec-44049323525d,Education and training : Special educational needs and disabilities : Consultancy
8cbf0675-452e-4d20-8479-cfdd2354b07b,"Curriculum, qualifications, assessment, inspection and quality assurance",ed3671b5-d194-4ee3-9bbf-a04773711dd9,b7a1db09-3e8a-4656-80ec-44049323525d,"Education and training : Special educational needs and disabilities : Curriculum, qualifications, assessment, inspection and quality assurance"
56f09b20-0019-4d15-91ef-6e60b5e0e31e,Early years and schools,ed3671b5-d194-4ee3-9bbf-a04773711dd9,b7a1db09-3e8a-4656-80ec-44049323525d,Education and training : Special educational needs and disabilities : Early years and schools
6b1230d3-bc71-42fa-9184-744b3b897c26,Educational technology equipment and supplies,ed3671b5-d194-4ee3-9bbf-a04773711dd9,b7a1db09-3e8a-4656-80ec-44049323525d,Education and training : Special educational needs and disabilities : Educational technology equipment and supplies
42b2c066-f34f-43c8-807f-38c3569e3e28,Higher education and technical and vocational education and training,ed3671b5-d194-4ee3-9bbf-a04773711dd9,b7a1db09-3e8a-4656-80ec-44049323525d,Education and training : Special educational needs and disabilities : Higher education and technical and vocational education and training
61ffebad-4207-441e-b2bf-cb63657b8921,Teacher training,ed3671b5-d194-4ee3-9bbf-a04773711dd9,b7a1db09-3e8a-4656-80ec-44049323525d,Education and training : Special educational needs and disabilities : Teacher training
a22fa8f8-abac-45ae-8de3-936977baaca8,Support services,ed3671b5-d194-4ee3-9bbf-a04773711dd9,a038cecc-5f95-e211-a939-e4115bead28a,Education and training : Support services
bf3aef97-3edc-4d09-845d-132e3921cae4,Construction,ed3671b5-d194-4ee3-9bbf-a04773711dd9,a22fa8f8-abac-45ae-8de3-936977baaca8,Education and training : Support services : Construction
b8e58a8a-ee80-461f-bab5-ddb07923fcd0,Consultancy and professional services,ed3671b5-d194-4ee3-9bbf-a04773711dd9,a22fa8f8-abac-45ae-8de3-936977baaca8,Education and training : Support services : Consultancy and professional services
8d2694f5-ae6f-44c1-89c3-5f602a71aab3,Equipment and supplies,ed3671b5-d194-4ee3-9bbf-a04773711dd9,a22fa8f8-abac-45ae-8de3-936977baaca8,Education and training : Support services : Equipment and supplies
a900a20f-2e18-4d60-b9ed-b2de0cc0ba27,Facilities management,ed3671b5-d194-4ee3-9bbf-a04773711dd9,a22fa8f8-abac-45ae-8de3-936977baaca8,Education and training : Support services : Facilities management
368a3319-7642-4eea-bca4-9e80272e59b9,Technical and vocational education and training,ed3671b5-d194-4ee3-9bbf-a04773711dd9,a038cecc-5f95-e211-a939-e4115bead28a,Education and training : Technical and vocational education and training
7ecf0acb-b939-4612-8690-a677ee1a7610,Colleges and further education,ed3671b5-d194-4ee3-9bbf-a04773711dd9,368a3319-7642-4eea-bca4-9e80272e59b9,Education and training : Technical and vocational education and training : Colleges and further education
8ddb74ca-8636-4a62-b5b3-c6f62dc13716,Consultancy,ed3671b5-d194-4ee3-9bbf-a04773711dd9,368a3319-7642-4eea-bca4-9e80272e59b9,Education and training : Technical and vocational education and training : Consultancy
c9df9af4-8dfa-4ac9-a138-f818be94386e,"Curriculum, qualifications, assessment, inspection and quality assurance",ed3671b5-d194-4ee3-9bbf-a04773711dd9,368a3319-7642-4eea-bca4-9e80272e59b9,"Education and training : Technical and vocational education and training : Curriculum, qualifications, assessment, inspection and quality assurance"
d9abcfd4-ff83-4817-8092-af95541f65d2,Oil and gas and mining,ed3671b5-d194-4ee3-9bbf-a04773711dd9,368a3319-7642-4eea-bca4-9e80272e59b9,Education and training : Technical and vocational education and training : Oil and gas and mining
a71b0cc6-3ff1-45d5-9d72-1041cda8d6ca,Training,ed3671b5-d194-4ee3-9bbf-a04773711dd9,368a3319-7642-4eea-bca4-9e80272e59b9,Education and training : Technical and vocational education and training : Training
3fd9e362-ef66-4b53-bd24-6843367efb47,Electrical networks,c79ec2c9-9b31-45a0-9d32-b5cc284dc8d1,7ebb9fc6-5f95-e211-a939-e4115bead28a,Energy : Renewable energy : Electrical networks
9554b9c0-82a0-4c72-8ceb-99fab41fa773,Energy storage,c79ec2c9-9b31-45a0-9d32-b5cc284dc8d1,7ebb9fc6-5f95-e211-a939-e4115bead28a,Energy : Renewable energy : Energy storage
2b835887-524d-4c21-8877-fa76a4756bd9,Hydrogen,c79ec2c9-9b31-45a0-9d32-b5cc284dc8d1,7ebb9fc6-5f95-e211-a939-e4115bead28a,Energy : Renewable energy : Hydrogen
d6824fd3-e472-46f3-b854-d5c7fd816f11,Industrial decarbonisation,c79ec2c9-9b31-45a0-9d32-b5cc284dc8d1,7ebb9fc6-5f95-e211-a939-e4115bead28a,Energy : Renewable energy : Industrial decarbonisation
ba7bed17-ee33-43fe-b94d-a3fef7b30aeb,Waste to value,c79ec2c9-9b31-45a0-9d32-b5cc284dc8d1,7ebb9fc6-5f95-e211-a939-e4115bead28a,Energy : Renewable energy : Waste to value
5505f759-a064-460b-955a-bd28617aa203,Clean growth services,c79ec2c9-9b31-45a0-9d32-b5cc284dc8d1,a238cecc-5f95-e211-a939-e4115bead28a,Environment : Clean growth services
41b09b56-6c8b-49c5-89eb-17ae7dd00b3d,Commercial accounting,7be7a38f-1a77-44bf-abee-3049ba50a6a8,79363000-6095-e211-a939-e4115bead28a,Financial and professional services : Accountancy services : Commercial accounting
7ef674f8-598f-4c2e-8fd1-a094093329e5,Retail accounting,7be7a38f-1a77-44bf-abee-3049ba50a6a8,79363000-6095-e211-a939-e4115bead28a,Financial and professional services : Accountancy services : Retail accounting
c6dcf3ef-a8d5-4008-8a19-7658bd8e889b,Commercial legal services,7be7a38f-1a77-44bf-abee-3049ba50a6a8,7b363000-6095-e211-a939-e4115bead28a,Financial and professional services : Legal services : Commercial legal services
391310c5-2547-4011-97d7-dbc14adfa253,Retail legal services,7be7a38f-1a77-44bf-abee-3049ba50a6a8,7b363000-6095-e211-a939-e4115bead28a,Financial and professional services : Legal services : Retail legal services
4131e307-dde1-45b5-9dca-00cbe32977c3,Free from,ed3671b5-d194-4ee3-9bbf-a04773711dd9,a538cecc-5f95-e211-a939-e4115bead28a,Food and drink : Free from
2ec47072-d648-4c2d-8fc8-0c568116845c,Non-alcoholic drinks,ed3671b5-d194-4ee3-9bbf-a04773711dd9,a538cecc-5f95-e211-a939-e4115bead28a,Food and drink : Non-alcoholic drinks
4af7102f-63dd-4d76-bba9-97a6abaad50a,Organic,ed3671b5-d194-4ee3-9bbf-a04773711dd9,a538cecc-5f95-e211-a939-e4115bead28a,Food and drink : Organic
a244ad4f-fa41-4b3d-b5a5-e5a854b4f0e5,Digital and data,0804745e-80b6-4bd1-8101-30e7a431623e,a738cecc-5f95-e211-a939-e4115bead28a,Healthcare services : Digital and data
27a8d53d-ad69-48f8-b1a8-3f407bd05e0e,Education and training,0804745e-80b6-4bd1-8101-30e7a431623e,a738cecc-5f95-e211-a939-e4115bead28a,Healthcare services : Education and training
31908c75-5ce7-49a0-826b-3080bc71d1d9,Health systems management,0804745e-80b6-4bd1-8101-30e7a431623e,a738cecc-5f95-e211-a939-e4115bead28a,Healthcare services : Health systems management
4cc6a558-3ae4-4bba-94ac-cc22faf1849f,Infrastructure,0804745e-80b6-4bd1-8101-30e7a431623e,a738cecc-5f95-e211-a939-e4115bead28a,Healthcare services : Infrastructure
f91b002c-2623-44d7-8538-5b15bca40a23,Social care,0804745e-80b6-4bd1-8101-30e7a431623e,a738cecc-5f95-e211-a939-e4115bead28a,Healthcare services : Social care
c26233ab-aaed-41ef-92d0-9f8f836799fa,Autonomous vessels and systems,531d3510-3f42-41fd-86b5-fa686fdfe33f,a5da78e5-629e-4826-9a7c-ec1026adacd4,Maritime : Marine engineering : Autonomous vessels and systems
f301348a-1a5e-4fe3-9211-199b62296708,Composites and other specialist technical areas,531d3510-3f42-41fd-86b5-fa686fdfe33f,a5da78e5-629e-4826-9a7c-ec1026adacd4,Maritime : Marine engineering : Composites and other specialist technical areas
f021cbe3-8333-4aba-89b3-da37fcb75494,Construction and manufacture,531d3510-3f42-41fd-86b5-fa686fdfe33f,a5da78e5-629e-4826-9a7c-ec1026adacd4,Maritime : Marine engineering : Construction and manufacture
54dc70a3-7de5-4944-82bc-798699634c77,Digital shipping,531d3510-3f42-41fd-86b5-fa686fdfe33f,a5da78e5-629e-4826-9a7c-ec1026adacd4,Maritime : Marine engineering : Digital shipping
f3029f04-2992-454e-a1ed-47f6625d4f9f,Engineering and interior design,531d3510-3f42-41fd-86b5-fa686fdfe33f,a5da78e5-629e-4826-9a7c-ec1026adacd4,Maritime : Marine engineering : Engineering and interior design
366ca4f4-c751-47ca-bf6e-06a075b768d0,Engineering consultancy,531d3510-3f42-41fd-86b5-fa686fdfe33f,a5da78e5-629e-4826-9a7c-ec1026adacd4,Maritime : Marine engineering : Engineering consultancy
1a8dc403-04e1-4785-ae0f-66c4a8ad2ca8,Fit out and refits,531d3510-3f42-41fd-86b5-fa686fdfe33f,a5da78e5-629e-4826-9a7c-ec1026adacd4,Maritime : Marine engineering : Fit out and refits
474ff3c7-7685-47e8-b254-0804dab6b865,Green marine,531d3510-3f42-41fd-86b5-fa686fdfe33f,a5da78e5-629e-4826-9a7c-ec1026adacd4,Maritime : Marine engineering : Green marine
30738aed-461a-40d7-9da3-242e956a7d8d,Leisure marine,531d3510-3f42-41fd-86b5-fa686fdfe33f,a5da78e5-629e-4826-9a7c-ec1026adacd4,Maritime : Marine engineering : Leisure marine
f4de37c5-8bad-4bac-bd95-d3deb7d31eb0,Marine science,531d3510-3f42-41fd-86b5-fa686fdfe33f,a5da78e5-629e-4826-9a7c-ec1026adacd4,Maritime : Marine engineering : Marine science
8c981c6b-9878-416a-bc77-ca47c0d706c4,Maritime equipment and systems,531d3510-3f42-41fd-86b5-fa686fdfe33f,a5da78e5-629e-4826-9a7c-ec1026adacd4,Maritime : Marine engineering : Maritime equipment and systems
cf385bd3-ab74-43e3-b807-b286ca1a6e49,Project management,531d3510-3f42-41fd-86b5-fa686fdfe33f,a5da78e5-629e-4826-9a7c-ec1026adacd4,Maritime : Marine engineering : Project management
8adf5476-2656-4ea7-9404-5e8d6767b333,Research and development,531d3510-3f42-41fd-86b5-fa686fdfe33f,a5da78e5-629e-4826-9a7c-ec1026adacd4,Maritime : Marine engineering : Research and development
8e311d33-e613-4bbb-8c67-c80cda2ec71f,Maritime services,531d3510-3f42-41fd-86b5-fa686fdfe33f,aa38cecc-5f95-e211-a939-e4115bead28a,Maritime : Maritime services
2f08020e-0ec2-4096-be02-034b8da17233,Accounting and financial services,531d3510-3f42-41fd-86b5-fa686fdfe33f,8e311d33-e613-4bbb-8c67-c80cda2ec71f,Maritime : Maritime services : Accounting and financial services
2c589cca-a250-484b-a92d-added80a1dc7,Classification,531d3510-3f42-41fd-86b5-fa686fdfe33f,8e311d33-e613-4bbb-8c67-c80cda2ec71f,Maritime : Maritime services : Classification
1bfb7182-2b15-4581-908d-12ddab666d30,Consultancy,531d3510-3f42-41fd-86b5-fa686fdfe33f,8e311d33-e613-4bbb-8c67-c80cda2ec71f,Maritime : Maritime services : Consultancy
75093e70-12a1-4c71-a378-a9c74158cdec,Human resource management,531d3510-3f42-41fd-86b5-fa686fdfe33f,8e311d33-e613-4bbb-8c67-c80cda2ec71f,Maritime : Maritime services : Human resource management
5856c7cb-992e-4f61-9eed-376fe84027e3,Marine insurance,531d3510-3f42-41fd-86b5-fa686fdfe33f,8e311d33-e613-4bbb-8c67-c80cda2ec71f,Maritime : Maritime services : Marine insurance
bd737a17-2cd4-4a2a-b4d0-c803ae59fc77,Maritime charities,531d3510-3f42-41fd-86b5-fa686fdfe33f,8e311d33-e613-4bbb-8c67-c80cda2ec71f,Maritime : Maritime services : Maritime charities
132fece1-a06f-4f7a-a2ec-e5067d6f9a00,Maritime law and arbitration,531d3510-3f42-41fd-86b5-fa686fdfe33f,8e311d33-e613-4bbb-8c67-c80cda2ec71f,Maritime : Maritime services : Maritime law and arbitration
0bb39ee6-5a2c-4ece-b50e-d90c0f354d2a,Media and PR,531d3510-3f42-41fd-86b5-fa686fdfe33f,8e311d33-e613-4bbb-8c67-c80cda2ec71f,Maritime : Maritime services : Media and PR
1a3d0459-4e59-4a28-8d37-deca7bb67ad7,Ship finance,531d3510-3f42-41fd-86b5-fa686fdfe33f,8e311d33-e613-4bbb-8c67-c80cda2ec71f,Maritime : Maritime services : Ship finance
99776338-b29e-417a-9052-086ca5e55adb,Ship management,531d3510-3f42-41fd-86b5-fa686fdfe33f,8e311d33-e613-4bbb-8c67-c80cda2ec71f,Maritime : Maritime services : Ship management
3a51294d-0eb8-45bf-bf33-1364f985f92f,Shipbroking,531d3510-3f42-41fd-86b5-fa686fdfe33f,8e311d33-e613-4bbb-8c67-c80cda2ec71f,Maritime : Maritime services : Shipbroking
0c19c5a1-b716-435a-9cac-38e61f98ebcc,Training and education,531d3510-3f42-41fd-86b5-fa686fdfe33f,8e311d33-e613-4bbb-8c67-c80cda2ec71f,Maritime : Maritime services : Training and education
3aca75ca-0e20-47e3-b599-f72225ae8759,Digital and data,0804745e-80b6-4bd1-8101-30e7a431623e,6f535406-6095-e211-a939-e4115bead28a,Medical devices and equipment : Digital and data
65d567fa-c8de-4978-8d60-03c85a2dcbcd,Implantable devices,0804745e-80b6-4bd1-8101-30e7a431623e,6f535406-6095-e211-a939-e4115bead28a,Medical devices and equipment : Implantable devices
f8249afa-0d69-44f0-a7b6-372cfa3cdcb3,In vitro diagnostic devices,0804745e-80b6-4bd1-8101-30e7a431623e,6f535406-6095-e211-a939-e4115bead28a,Medical devices and equipment : In vitro diagnostic devices
0f72de37-6250-41aa-b7d7-490648878d43,Digital and data,0804745e-80b6-4bd1-8101-30e7a431623e,9938cecc-5f95-e211-a939-e4115bead28a,Pharmaceuticals and biotechnology : Digital and data
d5d16b00-98cc-47d6-9a14-7fe7abf50b7e,Communications,531d3510-3f42-41fd-86b5-fa686fdfe33f,cb2a9801-8d70-471c-b615-78401ce06b2b,Space : Component manufacturing : Communications
15914ba8-3c20-4666-a6e9-ed8fc9ca6105,Electronics,531d3510-3f42-41fd-86b5-fa686fdfe33f,cb2a9801-8d70-471c-b615-78401ce06b2b,Space : Component manufacturing : Electronics
2a6b954d-6ebe-4eb0-a379-1349e8ab9269,Optics,531d3510-3f42-41fd-86b5-fa686fdfe33f,cb2a9801-8d70-471c-b615-78401ce06b2b,Space : Component manufacturing : Optics
8c53014c-4699-4814-a9b5-95f676f8f890,Propulsion,531d3510-3f42-41fd-86b5-fa686fdfe33f,cb2a9801-8d70-471c-b615-78401ce06b2b,Space : Component manufacturing : Propulsion
848024ae-29a0-4753-a014-0fa30fe31fa5,Robotics,531d3510-3f42-41fd-86b5-fa686fdfe33f,cb2a9801-8d70-471c-b615-78401ce06b2b,Space : Component manufacturing : Robotics
ce9a7b42-0439-4921-823d-a6547fa52cf5,Satellite bus,531d3510-3f42-41fd-86b5-fa686fdfe33f,cb2a9801-8d70-471c-b615-78401ce06b2b,Space : Component manufacturing : Satellite bus
7e720bd9-eee9-47a0-9888-e0e44622cc1a,Services,531d3510-3f42-41fd-86b5-fa686fdfe33f,6448e2bd-3f92-4e3d-8c41-0aff88a7a66b,Space : Services
637f3121-53f0-413d-8660-65c94273e072,Artificial intelligence and data,531d3510-3f42-41fd-86b5-fa686fdfe33f,7e720bd9-eee9-47a0-9888-e0e44622cc1a,Space : Services : Artificial intelligence and data
e704c58b-391f-451f-bf63-9f9063f90190,Communications,531d3510-3f42-41fd-86b5-fa686fdfe33f,7e720bd9-eee9-47a0-9888-e0e44622cc1a,Space : Services : Communications
acedbe6b-baf4-4b49-aa7a-27dae9ffaa8e,Earth observation,531d3510-3f42-41fd-86b5-fa686fdfe33f,7e720bd9-eee9-47a0-9888-e0e44622cc1a,Space : Services : Earth observation
64c7d5fb-7d8d-4829-b6c0-9c9a9a1d5801,Ground based,531d3510-3f42-41fd-86b5-fa686fdfe33f,7e720bd9-eee9-47a0-9888-e0e44622cc1a,Space : Services : Ground based
a1ebb5d0-bb2e-400c-b8cf-b818092cf955,Launch,531d3510-3f42-41fd-86b5-fa686fdfe33f,7e720bd9-eee9-47a0-9888-e0e44622cc1a,Space : Services : Launch
3cb924f1-3ee2-409a-beaa-a6244ca40488,Satellite operation,531d3510-3f42-41fd-86b5-fa686fdfe33f,7e720bd9-eee9-47a0-9888-e0e44622cc1a,Space : Services : Satellite operation
1e5df501-553a-4a84-b71d-bf61cb9784e4,Sports development and policy,ed3671b5-d194-4ee3-9bbf-a04773711dd9,ac22c9d2-5f95-e211-a939-e4115bead28a,Sports economy : Sports development and policy
b2dc1a4f-5764-445e-b13e-cbaad9e6f352,Sports architecture,ed3671b5-d194-4ee3-9bbf-a04773711dd9,65f1690c-6095-e211-a939-e4115bead28a,Sports economy : Sports infrastructure : Sports architecture
bda4afad-24b8-482b-88c9-5d621b2a6bae,Sports construction,ed3671b5-d194-4ee3-9bbf-a04773711dd9,65f1690c-6095-e211-a939-e4115bead28a,Sports economy : Sports infrastructure : Sports construction
9613314b-642a-430b-ad4a-df65bd0ccf0b,Stadia fit out,ed3671b5-d194-4ee3-9bbf-a04773711dd9,65f1690c-6095-e211-a939-e4115bead28a,Sports economy : Sports infrastructure : Stadia fit out
b9e988af-00d1-4a03-9fe6-df2406ab3f22,Internet service providers,531d3510-3f42-41fd-86b5-fa686fdfe33f,9d38cecc-5f95-e211-a939-e4115bead28a,Technology and smart cities : Communications : Internet service providers
3016a2aa-66ed-473f-a18f-53f031926531,Wireless internet of things,531d3510-3f42-41fd-86b5-fa686fdfe33f,9d38cecc-5f95-e211-a939-e4115bead28a,Technology and smart cities : Communications : Wireless internet of things
26719bca-ff89-42f7-8294-dbfd36b30c27,5G,531d3510-3f42-41fd-86b5-fa686fdfe33f,a138cecc-5f95-e211-a939-e4115bead28a,Technology and smart cities : Hardware : 5G
3e0cd560-01fc-4891-88b5-59276a3a7450,Data centres,531d3510-3f42-41fd-86b5-fa686fdfe33f,a138cecc-5f95-e211-a939-e4115bead28a,Technology and smart cities : Hardware : Data centres
84227d3a-fed5-4569-8596-7bfad6eeef1d,Internet of things,531d3510-3f42-41fd-86b5-fa686fdfe33f,a138cecc-5f95-e211-a939-e4115bead28a,Technology and smart cities : Hardware : Internet of things
d05c68f5-65d0-4669-9ce1-d3aeebb1e4e3,Photonics,531d3510-3f42-41fd-86b5-fa686fdfe33f,a138cecc-5f95-e211-a939-e4115bead28a,Technology and smart cities : Hardware : Photonics
8b21a938-7b5a-4207-a055-9c532f8cf0d6,Semiconductors,531d3510-3f42-41fd-86b5-fa686fdfe33f,a138cecc-5f95-e211-a939-e4115bead28a,Technology and smart cities : Hardware : Semiconductors
961bb54f-f461-4cab-a4bd-4b3817d48372,Sensors,531d3510-3f42-41fd-86b5-fa686fdfe33f,a138cecc-5f95-e211-a939-e4115bead28a,Technology and smart cities : Hardware : Sensors
64e4a5e6-7a8c-47b2-8850-6d37985c293e,Telecommunications and electronics systems,531d3510-3f42-41fd-86b5-fa686fdfe33f,a138cecc-5f95-e211-a939-e4115bead28a,Technology and smart cities : Hardware : Telecommunications and electronics systems
b48551a5-d2cc-462e-836d-470d0581cfdb,5G,531d3510-3f42-41fd-86b5-fa686fdfe33f,ab22c9d2-5f95-e211-a939-e4115bead28a,Technology and smart cities : Software : 5G
cdd27bff-b8c4-4f52-b7a8-57439b038867,Artificial intelligence,531d3510-3f42-41fd-86b5-fa686fdfe33f,ab22c9d2-5f95-e211-a939-e4115bead28a,Technology and smart cities : Software : Artificial intelligence
a194cf70-6978-4bee-b737-021d505c07b2,Blockchain,531d3510-3f42-41fd-86b5-fa686fdfe33f,ab22c9d2-5f95-e211-a939-e4115bead28a,Technology and smart cities : Software : Blockchain
f93d558c-1595-47c4-b0ab-4b280438e79f,Cloud services,531d3510-3f42-41fd-86b5-fa686fdfe33f,ab22c9d2-5f95-e211-a939-e4115bead28a,Technology and smart cities : Software : Cloud services
e97b8eb0-695d-409d-b6b5-25d403fc57c6,Data analytics,531d3510-3f42-41fd-86b5-fa686fdfe33f,ab22c9d2-5f95-e211-a939-e4115bead28a,Technology and smart cities : Software : Data analytics
34a2369b-3a0f-44ed-b7c6-9b2cf324c870,Internet of things,531d3510-3f42-41fd-86b5-fa686fdfe33f,ab22c9d2-5f95-e211-a939-e4115bead28a,Technology and smart cities : Software : Internet of things
21088a1c-f448-48e2-af0c-3bdee38c23bd,Sensors,531d3510-3f42-41fd-86b5-fa686fdfe33f,ab22c9d2-5f95-e211-a939-e4115bead28a,Technology and smart cities : Software : Sensors
43fbeed5-07c5-44ac-8370-0f55b26eaa24,Software as a service,531d3510-3f42-41fd-86b5-fa686fdfe33f,ab22c9d2-5f95-e211-a939-e4115bead28a,Technology and smart cities : Software : Software as a service
d336e9d3-93c2-4f0c-8b6e-06d5d5c3e920,Flood resilience,c79ec2c9-9b31-45a0-9d32-b5cc284dc8d1,ae22c9d2-5f95-e211-a939-e4115bead28a,Water : Flood resilience
5f6718c1-ce45-4fb8-ba68-4e970694dbf7,Wastewater management,c79ec2c9-9b31-45a0-9d32-b5cc284dc8d1,ae22c9d2-5f95-e211-a939-e4115bead28a,Water : Wastewater management
